tag	published_utc	prerelease	major
0.47.1	2021-10-12T20:30:20Z	0	0
0.48.2	2021-10-16T06:15:36Z	0	0
0.50.2	2021-11-15T19:27:23Z	0	0
0.51.2	2022-01-14T19:16:56Z	0	0
0.51.3	2022-02-09T19:29:57Z	0	0
0.56.1	2022-03-11T16:36:37Z	0	0
0.56.2	2022-03-17T15:33:29Z	0	0
0.58.0	2022-04-07T18:50:56Z	0	0
0.58.1	2022-04-14T21:58:58Z	0	0
0.58.3	2022-04-28T17:17:45Z	0	0
0.60.0	2022-06-07T20:15:51Z	0	0
0.61.4	2022-06-24T15:19:51Z	0	0
0.61.8	2022-06-29T15:08:13Z	0	0
0.64.0	2022-07-21T20:21:39Z	0	0
0.65.1	2022-08-03T00:04:25Z	1	0
0.65.3	2022-08-04T04:29:55Z	0	0
0.66.2	2022-08-19T14:24:26Z	0	0
0.67.6	2022-09-21T17:00:06Z	1	0
0.68.2	2022-09-28T20:42:38Z	1	0
0.68.4	2022-10-04T20:55:55Z	1	0
0.70.0	2022-10-11T22:41:17Z	0	0
0.70.4	2022-10-19T18:50:22Z	0	0
0.70.5	2022-10-25T16:57:42Z	1	0
0.70.8	2022-11-04T22:35:05Z	1	0
1.0.0	2022-11-15T22:56:02Z	0	1
1.0.1	2022-11-22T15:48:35Z	1	1
1.0.3	2022-12-01T00:45:52Z	0	1
1.1.0	2023-01-18T22:35:12Z	1	1
1.1.2	2023-02-02T16:07:19Z	1	1
1.1.3	2023-02-14T18:59:10Z	0	1
1.1.5	2023-03-14T19:12:47Z	1	1
1.1.6	2023-03-30T17:57:03Z	1	1
1.1.7	2023-04-04T01:16:42Z	1	1
1.2.0	2023-04-04T21:40:25Z	1	1
1.2.1	2023-04-11T20:47:14Z	1	1
1.2.2	2023-04-13T15:28:49Z	1	1
1.2.3	2023-04-15T14:20:47Z	1	1
1.2.4	2023-04-18T04:56:48Z	1	1
1.2.5	2023-04-20T03:24:15Z	0	1
1.3.10	2023-06-13T21:11:53Z	1	1
1.3.11	2023-06-14T19:45:58Z	1	1
1.3.14	2023-07-17T15:30:20Z	1	1
1.3.15	2023-08-02T18:35:36Z	1	1
1.3.17	2023-08-30T15:22:25Z	1	1
2.0.0	2023-09-18T20:35:37Z	1	2
2.0.1	2023-09-25T22:50:10Z	1	2
2.0.2	2023-09-28T00:39:46Z	1	2
2.0.3	2023-09-29T22:23:40Z	1	2
2.0.4	2023-10-04T17:29:12Z	1	2
2.0.5	2023-10-20T20:07:23Z	1	2
2.0.6	2023-10-24T01:36:49Z	1	2
2.0.7	2023-10-30T19:41:31Z	1	2
2.0.8	2023-11-10T14:30:26Z	1	2
2.0.9	2023-11-11T02:17:26Z	0	2
2.0.11	2023-11-22T19:24:13Z	1	2
2.0.12	2023-11-29T16:45:42Z	1	2
2.0.14	2023-12-01T20:02:18Z	0	2
2.0.15	2023-12-21T01:16:19Z	1	2
2.1.0	2024-01-08T21:52:58Z	1	2
2.1.1	2024-01-22T19:28:02Z	1	2
2.1.3	2024-02-20T21:03:04Z	1	2
2.1.4	2024-03-01T15:26:50Z	0	2
2.1.5	2024-03-12T02:42:01Z	0	2
2.2.1	2024-03-22T15:31:07Z	1	2
2.2.2	2024-04-05T22:17:07Z	1	2
2.2.3	2024-04-19T19:25:25Z	1	2
2.2.4	2024-04-25T21:39:41Z	0	2
2.3.11	2024-07-17T19:34:53Z	1	2
2.3.12	2024-07-23T21:13:52Z	1	2
2.3.13	2024-07-26T02:15:13Z	1	2
2.3.14	2024-08-01T18:27:25Z	1	2
2.3.17	2024-08-10T18:23:45Z	1	2
2.3.21	2024-09-16T18:49:07Z	1	2
2.3.22	2024-09-20T18:53:00Z	1	2
2.3.24	2024-09-27T05:01:19Z	0	2
2.3.25	2024-10-25T00:14:19Z	1	2
2.3.26	2024-11-10T03:32:54Z	0	2
2.4.4	2024-11-19T14:21:43Z	1	2
2.4.5	2024-12-03T22:09:30Z	1	2
2.4.8	2024-12-16T21:24:49Z	1	2
2.4.9	2025-01-30T05:28:32Z	1	2
2.4.10	2025-02-01T23:10:19Z	0	2
2.4.11	2025-02-12T03:55:24Z	0	2
2.4.12	2025-03-06T18:43:45Z	0	2
2.5.1	2025-03-12T23:09:45Z	1	2
2.4.13	2025-03-20T19:48:02Z	0	2
2.5.4	2025-03-26T00:27:30Z	1	2
2.5.6	2025-04-08T19:07:53Z	1	2
2.5.7	2025-04-24T21:15:28Z	0	2
2.5.8	2025-06-05T15:15:53Z	1	2
2.5.9	2025-06-10T00:24:23Z	0	2
2.6.0	2025-06-20T02:11:50Z	1	2
2.5.10	2025-08-06T22:10:30Z	0	2
2.6.1	2025-08-07T01:00:00Z	0	2
2.6.2	2025-10-13T20:56:40Z	0	2
2.7.0	2025-12-11T16:09:39Z	1	2
2.6.3	2025-12-12T23:34:01Z	0	2
2.7.1	2026-03-24T21:10:40Z	1	2
2.7.3	2026-04-25T00:50:11Z	0	2
2.7.5	2026-05-15T00:28:33Z	1	2
2.7.7	2026-05-19T21:26:34Z	1	2
2.7.8	2026-06-06T16:27:02Z	0	2
2.7.9	2026-06-23T19:16:34Z	1	2
2.7.10	2026-06-26T01:59:58Z	0	2
2.9.3	2026-06-29T15:33:19Z	1	2
2.9.4	2026-07-13T21:06:41Z	1	2
2.7.11	2026-07-24T16:59:19Z	0	2
2.7.12	2026-08-18T21:12:01Z	0	2
2.9.8	2026-08-24T17:03:40Z	1	2
2.9.9	2026-08-25T21:45:55Z	1	2
2.7.13	2026-09-04T15:41:02Z	0	2
2.9.10	2026-09-04T15:41:58Z	1	2
2.9.11	2026-09-08T20:23:21Z	1	2
2.7.14	2026-09-11T22:09:23Z	0	2
2.9.12	2026-09-14T21:14:21Z	1	2
2.9.13	2026-09-25T06:10:27Z	1	2
3.0.1	2026-09-29T17:18:57Z	0	3
3.0.2	2026-10-05T21:30:49Z	1	3
# 共 118 个发布；最早 0.47.1（2021-10-12T20:30:20Z），最晚 3.0.2（2026-10-05T21:30:49Z）
# 主版本 0：24 个，其中非预发布 18 个；首个 0.47.1（2021-10-12T20:30:20Z），首个非预发布 0.47.1（2021-10-12T20:30:20Z），最后一个 0.70.8（2022-11-04T22:35:05Z）
# 主版本 1：20 个，其中非预发布 4 个；首个 1.0.0（2022-11-15T22:56:02Z），首个非预发布 1.0.0（2022-11-15T22:56:02Z），最后一个 1.3.17（2023-08-30T15:22:25Z）
# 主版本 2：72 个，其中非预发布 24 个；首个 2.0.0（2023-09-18T20:35:37Z），首个非预发布 2.0.9（2023-11-11T02:17:26Z），最后一个 2.9.13（2026-09-25T06:10:27Z）
# 主版本 3：2 个，其中非预发布 1 个；首个 3.0.1（2026-09-29T17:18:57Z），首个非预发布 3.0.1（2026-09-29T17:18:57Z），最后一个 3.0.2（2026-10-05T21:30:49Z）
