"Date","Win11","Win10","Win7","WinXP","Win8","Win8.1","Win2003","Other"
2025-09,42.59,51.04,4.55,0.29,1.42,0.09,0.02,0.01
2025-10,51.41,44.35,3.9,0.2,0.06,0.07,0.02,0
2025-11,47.23,49.03,3.42,0.18,0.08,0.05,0.01,0
2025-12,45.58,49.46,4.25,0.51,0.12,0.06,0.02,0.01
2026-01,60.68,35.83,2.79,0.54,0.08,0.06,0.01,0.01
2026-02,67.17,27.64,4.29,0.76,0.04,0.1,0.01,0.01
2026-03,50.69,42.08,6.34,0.65,0.04,0.15,0.02,0.02
2026-04,57.19,37.9,4.56,0.17,0.04,0.1,0.02,0.02
2026-05,58.68,37.43,3.48,0.27,0.03,0.07,0.02,0.02
2026-06,57.13,38.89,3.4,0.45,0.03,0.07,0.02,0
2026-07,50.01,43.56,5.44,0.78,0.04,0.14,0.04,0
2026-08,49.24,44.59,4.38,1.58,0.04,0.13,0.04,0
2026-09,53.89,41.14,4.45,0.35,0.05,0.1,0.02,0.01
